id_matricula;ano_ingresso;periodo_ingresso;porcentagem_curso;cre;qtd_periodos_cursados;qtd_disciplinas_curso;qtd_disciplinas_aprovadas;qtd_disciplinas_reprovadas_nota;qtd_disciplinas_reprovadas_falta;qtd_disciplinas_canceladas;qtd_disciplinas_trancadas;evadiu
36402;2007;1;0.00;0.00;1;35;0;0;6;0;0;1
36412;2007;1;0.00;0.00;1;35;0;0;6;0;0;1
36413;2007;1;0.89;23.90;2;35;1;2;3;0;0;1
36414;2007;1;40.51;47.21;5;36;19;2;14;0;0;1
36415;2007;1;2.78;5.83;1;35;1;2;9;0;0;1
36416;2007;1;81.01;69.18;8;36;35;0;2;0;0;0
32600;2007;1;48.72;53.38;8;36;17;1;5;0;6;1
32601;2007;1;25.00;43.63;2;37;10;2;6;0;0;1
32603;2007;1;47.22;78.14;5;36;17;0;0;0;5;1
32602;2007;1;0.00;0.00;3;35;0;0;6;0;0;1
32604;2007;1;33.33;47.00;6;35;13;3;5;0;4;1
32605;2007;1;0.00;0.00;3;35;0;0;6;0;0;1
32606;2007;1;82.05;66.28;5;37;32;9;0;0;0;1
32607;2007;1;38.89;48.02;3;35;14;4;6;0;0;1
32608;2007;1;81.01;69.75;6;37;34;2;3;0;0;0
32609;2007;1;19.44;42.08;2;36;7;1;6;0;0;1
32610;2007;1;11.39;50.76;2;35;6;1;4;0;0;1
32611;2007;1;87.34;82.41;7;39;38;0;0;0;0;0
32612;2007;1;0.00;3.83;3;35;0;1;6;0;0;1
32613;2007;1;0.00;17.33;2;35;0;0;4;0;0;1
32614;2007;1;75.95;62.06;7;37;33;9;0;0;6;1
32615;2007;1;47.22;77.07;5;36;17;0;0;0;5;1
32616;2007;1;11.11;36.31;2;35;4;0;4;0;0;1
32617;2007;1;10.97;52.44;2;35;16;1;5;0;2;1
32618;2007;1;52.78;45.81;6;36;19;6;7;0;0;1
32619;2007;1;78.48;65.54;5;37;34;6;1;0;0;1
32620;2007;1;55.70;49.74;6;36;25;6;10;0;0;1
32621;2007;1;87.34;88.30;6;39;38;0;0;0;0;0
32622;2007;1;87.34;83.51;6;39;38;0;0;0;0;0
32623;2007;1;87.34;81.54;6;39;38;0;0;0;0;0
32624;2007;1;51.28;50.87;7;36;20;4;7;0;0;1
32625;2007;1;60.76;49.22;5;36;27;12;2;0;1;1
32626;2007;1;22.78;25.73;3;36;10;5;16;0;0;1
32627;2007;1;0.00;0.00;3;35;0;0;6;0;0;1
32628;2007;1;81.01;83.22;6;36;30;1;0;0;0;0
32629;2007;1;87.18;83.02;6;39;34;0;0;0;0;0
32630;2007;1;0.00;5.20;3;35;0;0;6;0;0;1
32631;2007;1;0.00;0.00;3;35;0;0;6;0;0;1
32632;2007;1;0.00;8.20;3;35;0;0;6;0;0;1
32633;2007;1;56.41;50.60;6;36;22;8;3;0;4;1
32634;2007;2;86.08;62.04;2;40;30;5;2;0;1;0
32635;2007;2;19.44;35.96;4;36;7;2;6;0;0;1
32636;2007;2;22.22;34.88;6;35;8;2;8;0;0;1
32637;2007;2;86.49;61.07;6;36;36;9;2;0;0;0
32638;2007;2;50.63;43.20;1;36;23;11;10;0;0;1
32639;2007;2;53.16;55.77;6;37;24;9;2;3;0;1
32640;2007;2;0.00;5.64;1;31;0;1;5;0;0;1
32641;2007;2;28.21;42.89;4;36;11;6;4;0;0;1
32642;2007;2;41.67;52.62;4;35;15;5;2;3;0;1
32643;2007;2;41.67;48.02;4;36;15;10;2;0;3;1
32644;2007;2;0.00;9.45;1;32;0;2;4;0;0;1
32645;2007;2;26.58;47.11;3;36;12;4;4;0;3;1
32646;2007;2;13.89;30.50;2;35;5;1;4;0;0;1
32647;2007;2;0.00;8.73;1;32;0;2;4;0;0;1
32648;2007;2;8.33;27.27;2;35;3;0;3;0;0;1
32649;2007;2;0.00;0.00;1;32;0;0;6;0;0;1
32650;2007;2;81.01;63.00;7;38;36;9;1;0;0;0
32651;2007;2;54.05;43.71;6;35;23;11;7;0;1;1
32652;2007;2;54.05;43.00;3;35;23;4;11;0;1;1
32653;2007;2;78.48;55.61;6;36;34;9;4;0;0;0
32654;2007;2;81.01;52.49;6;37;32;7;7;0;0;0
32655;2007;2;38.46;42.86;1;37;15;6;6;0;0;1
32656;2007;2;11.11;37.75;2;35;4;4;3;0;0;1
32657;2007;2;86.08;66.37;6;39;34;4;2;0;0;0
32658;2007;2;25.00;32.94;4;35;9;1;11;0;0;1
32659;2007;2;33.33;66.11;4;36;12;3;0;0;0;1
32660;2007;2;12.26;53.85;5;35;19;6;2;1;1;1
32661;2007;2;38.46;51.07;1;35;15;7;1;0;0;1
32662;2007;2;81.01;65.19;7;36;30;2;3;0;1;0
32663;2007;2;11.11;41.25;4;35;4;2;3;0;0;1
32664;2007;2;22.22;36.30;2;35;8;2;5;0;0;1
32665;2007;2;59.46;48.23;3;36;25;9;7;0;0;1
32666;2007;2;97.44;86.87;1;39;38;0;0;0;0;0
32667;2007;2;81.01;64.33;1;36;33;2;4;0;5;0
32668;2007;2;23.08;30.80;8;36;9;7;11;0;0;1
32669;2007;2;100.00;54.26;6;37;33;10;3;1;0;0
32677;2007;2;37.84;40.43;7;35;16;11;6;0;1;1
32670;2007;2;19.44;34.21;1;35;7;6;3;0;0;1
32671;2007;2;16.67;43.83;2;36;6;3;1;0;0;1
32672;2007;2;8.33;21.54;4;35;3;1;4;0;0;1
32673;2007;2;27.78;42.71;3;36;10;7;4;1;1;1
32674;2007;2;81.01;68.52;6;37;34;3;2;0;0;0
32675;2007;2;86.08;65.04;1;38;32;3;4;0;0;0
32676;2007;2;13.89;35.20;2;35;5;4;2;0;0;1
32678;2008;1;30.77;31.49;1;36;12;2;13;3;0;1
32679;2008;1;0.00;0.00;1;35;0;0;5;0;0;1
32680;2008;1;25.00;36.47;2;35;9;5;6;0;1;1
32681;2008;1;81.01;66.96;1;37;30;2;6;0;0;0
32682;2008;1;81.01;81.14;8;37;31;0;0;0;0;0
32683;2008;1;16.67;47.24;2;35;6;3;1;0;0;1
32684;2008;1;85.14;72.94;10;35;35;2;0;0;0;0
32685;2008;1;0.00;4.60;1;35;0;1;5;0;0;1
32686;2008;1;16.67;72.00;3;35;6;0;1;0;0;1
32687;2008;1;81.01;69.58;6;36;34;3;0;0;0;0
32688;2008;1;0.00;0.50;1;34;0;0;4;0;0;1
32689;2008;1;85.14;69.94;6;35;35;3;0;0;0;0
32690;2008;1;0.00;0.44;1;35;0;0;5;0;0;1
32691;2008;1;81.01;68.29;7;37;33;4;2;0;0;0
32692;2008;1;5.56;11.79;1;34;2;0;6;0;0;1
32693;2008;1;93.67;71.34;6;36;36;2;1;0;0;0
32694;2008;1;45.57;75.69;11;35;17;1;2;0;0;1
32695;2008;1;19.44;35.36;2;35;7;0;7;0;0;1
32696;2008;1;19.44;44.69;2;35;7;5;3;0;0;1
32697;2008;1;19.44;44.17;2;35;7;1;6;0;0;1
32698;2008;1;0.00;0.00;1;35;0;0;5;0;0;1
32699;2008;1;0.00;1.50;1;34;0;0;4;0;0;1
32700;2008;1;81.01;83.87;6;36;33;0;0;0;0;0
32701;2008;1;0.00;2.44;1;35;0;0;5;0;0;1
32702;2008;1;16.67;53.07;2;35;6;3;0;0;0;1
32703;2008;1;0.00;4.33;1;34;0;0;3;0;0;1
32704;2008;1;0.00;12.90;1;35;0;1;5;0;0;1
32705;2008;1;5.56;35.50;1;35;2;3;1;0;0;1
32706;2008;1;40.54;38.00;1;35;18;8;6;0;1;1
32707;2008;1;85.14;76.84;6;35;35;2;0;0;0;0
32708;2008;1;81.01;74.67;6;37;35;0;0;0;0;0
32709;2008;1;0.00;0.00;1;34;0;0;4;0;0;1
32710;2008;1;13.89;66.10;2;35;5;1;0;0;0;1
32711;2008;1;11.11;41.87;4;35;4;3;2;0;0;1
32712;2008;1;13.89;33.76;2;35;5;2;3;0;0;1
32713;2008;1;81.01;66.47;1;36;23;1;1;0;0;0
32714;2008;1;85.14;61.84;7;35;35;9;1;0;0;0
32715;2008;1;15.19;30.52;2;35;8;10;7;0;0;1
32716;2008;1;81.01;71.61;5;36;35;4;0;0;3;0
32717;2008;1;100.00;60.57;6;35;35;6;5;0;1;0
32718;2008;1;81.01;79.78;1;36;32;0;0;0;0;0
37792;2008;2;0.00;0.00;1;35;0;1;2;0;0;1
37793;2008;2;0.00;0.00;1;35;0;0;0;0;0;1
37794;2008;2;34.67;57.67;3;35;16;3;4;0;4;1
37947;2008;2;8.33;42.86;1;35;3;0;2;0;0;1
37846;2008;2;38.27;50.59;6;37;19;3;4;0;3;1
37797;2008;2;8.11;23.20;1;35;3;4;3;0;0;1
37845;2008;2;85.33;82.68;1;35;33;0;0;0;0;0
37798;2008;2;85.33;70.96;6;35;35;4;1;0;0;0
37843;2008;2;37.50;51.26;1;37;15;2;4;0;0;1
37952;2008;2;10.81;21.41;2;35;4;4;7;0;0;1
37953;2008;2;38.67;52.48;4;36;15;5;4;2;6;1
37812;2008;2;11.11;52.10;2;35;4;1;1;0;0;1
37813;2008;2;2.78;30.50;1;35;1;2;2;0;0;1
37956;2008;2;0.00;0.00;1;35;0;0;0;0;0;1
37842;2008;2;85.33;61.44;6;35;35;3;5;0;0;0
37957;2008;2;2.50;100.00;1;35;1;0;0;0;0;1
37942;2008;2;22.22;71.25;2;35;8;0;1;0;0;1
37958;2008;2;2.50;19.50;1;36;2;2;3;0;0;1
37960;2008;2;27.50;61.76;4;37;11;3;1;0;0;1
37948;2008;2;0.00;0.00;5;35;0;1;1;0;0;1
37961;2008;2;18.67;23.63;1;35;10;9;9;0;0;1
37962;2008;2;85.33;69.53;8;35;34;2;0;0;0;0
37963;2008;2;79.01;69.63;7;38;33;4;1;0;1;0
37964;2008;2;15.00;33.13;1;36;6;10;2;0;0;1
37965;2008;2;85.33;75.21;6;35;35;3;0;0;0;0
37967;2008;2;79.01;63.03;6;38;33;2;2;0;3;0
37966;2008;2;29.63;42.09;3;37;14;7;4;0;3;1
37969;2008;2;0.00;11.43;1;35;0;1;3;0;0;1
37968;2008;2;0.00;0.00;1;35;0;2;3;0;0;1
37971;2008;2;0.00;0.00;1;35;0;2;3;0;0;1
37949;2008;2;0.00;0.00;1;35;0;1;1;0;0;1
37972;2008;2;100.00;58.07;7;38;32;6;7;0;0;0
37973;2008;2;29.63;54.56;3;36;15;6;3;3;0;1
37974;2008;2;100.00;66.86;7;36;35;5;2;0;0;0
37975;2008;2;12.50;47.39;1;37;5;0;5;0;0;1
37976;2008;2;46.91;41.93;6;37;21;6;10;0;2;1
37977;2008;2;5.00;50.40;1;36;3;3;0;0;0;1
37980;2008;2;0.00;0.00;1;35;0;0;0;0;0;1
37978;2008;2;2.50;34.63;1;36;2;2;1;0;0;1
37979;2008;2;31.08;60.74;4;35;14;4;0;0;3;1
37981;2008;2;24.69;37.16;3;37;13;3;9;0;4;1
37945;2008;2;0.00;0.00;1;35;0;0;1;0;0;1
37943;2008;2;85.33;75.98;6;35;31;1;0;0;0;0
37944;2008;2;85.33;79.34;7;35;33;1;0;0;0;0
37946;2008;2;5.56;84.00;2;35;2;0;0;0;0;1
37985;2008;2;0.00;9.56;1;35;0;1;4;0;0;1
37987;2008;2;65.63;45.80;4;35;24;8;8;0;5;0
37988;2008;2;27.50;45.97;1;37;11;4;3;0;0;1
37989;2008;2;0.00;4.44;1;35;0;2;3;0;0;1
37990;2008;2;10.00;32.95;2;37;4;4;6;0;0;1
37822;2009;2;0.00;0.00;1;35;0;0;3;0;0;1
37823;2009;2;2.50;73.00;2;35;1;0;0;0;1;1
37824;2009;2;18.52;36.21;4;35;9;6;5;4;2;1
37825;2009;2;100.00;60.45;6;36;35;4;11;0;7;0
37826;2009;2;12.35;43.10;2;35;6;1;5;0;0;1
37827;2009;2;44.44;56.54;3;36;21;3;4;0;8;1
37828;2009;2;0.00;24.78;1;35;0;4;1;0;0;1
37829;2009;2;10.00;37.61;2;35;3;5;3;0;0;1
37830;2009;2;29.63;47.21;6;35;12;4;8;0;2;1
37852;2009;2;74.07;80.48;7;36;33;0;0;0;1;1
37831;2009;2;25.00;45.26;3;35;10;5;4;4;0;1
37853;2009;2;79.01;74.76;6;36;35;1;1;0;0;0
37854;2009;2;79.01;82.61;7;36;30;0;0;0;1;0
37856;2009;2;7.50;49.40;2;35;3;0;2;0;0;1
37855;2009;2;79.01;81.97;6;36;35;3;2;0;0;0
37857;2009;2;12.50;87.57;2;35;5;0;0;0;0;1
37859;2009;2;0.00;25.20;1;35;0;6;0;0;3;1
37858;2009;2;32.10;52.28;3;35;12;2;6;0;0;1
37860;2009;2;0.00;0.00;1;35;0;0;6;0;0;1
37861;2009;2;79.01;60.60;7;36;35;3;10;0;3;0
37862;2009;2;79.01;61.27;6;36;35;2;9;0;0;0
37863;2009;2;0.00;0.00;1;35;0;0;6;0;0;1
37864;2009;2;100.00;58.92;7;37;36;11;4;0;0;0
37865;2009;2;44.44;62.31;5;35;21;1;10;0;2;1
37866;2009;2;0.00;37.00;1;35;0;1;0;0;0;1
37867;2009;2;4.94;23.54;1;35;3;7;7;0;0;1
37869;2009;2;0.00;0.00;1;35;0;0;6;0;0;1
37868;2009;2;27.50;53.19;3;35;11;2;3;0;0;1
37871;2009;2;0.00;0.00;1;35;0;0;6;0;0;1
37870;2009;2;0.00;0.00;1;35;0;0;6;0;0;1
37872;2009;2;5.00;16.22;1;35;2;12;2;0;0;1
37873;2009;2;7.50;22.29;2;35;3;5;1;0;0;1
37874;2009;2;2.50;10.07;1;35;1;1;5;0;0;1
37877;2009;2;13.58;36.89;1;35;8;4;5;0;0;1
37876;2009;2;0.00;0.00;1;35;0;0;6;0;0;1
37875;2009;2;44.44;47.69;4;35;18;2;11;0;0;1
37878;2009;2;79.01;82.09;7;36;35;0;0;0;1;0
37879;2009;2;0.00;19.71;1;35;0;2;3;0;0;1
37881;2009;2;0.00;0.00;2;35;0;0;1;0;0;1
37880;2009;2;22.22;39.74;1;36;11;11;1;0;0;1
42058;2010;1;0.00;0.00;1;35;0;0;0;0;0;1
42053;2010;1;96.88;67.18;1;35;34;4;0;0;0;0
42035;2010;1;53.33;39.36;5;35;23;3;16;0;0;1
42059;2010;1;0.00;11.40;1;35;0;0;6;0;0;1
42062;2010;1;100.00;67.70;7;35;35;5;1;0;0;0
42048;2010;1;0.00;0.00;1;35;0;0;0;6;0;1
42033;2010;1;0.00;0.00;1;35;0;1;5;0;0;1
42047;2010;1;17.33;13.75;2;35;3;4;13;0;1;1
42063;2010;1;0.00;5.50;1;35;0;1;5;0;0;1
42034;2010;1;1.72;49.00;1;35;2;3;1;0;0;1
42066;2010;1;85.33;82.05;6;35;35;0;0;0;0;0
42056;2010;1;0.00;0.00;1;35;0;0;0;0;0;1
42046;2010;1;3.45;53.80;2;35;4;2;0;0;0;1
42042;2010;1;0.00;0.00;1;35;0;0;0;0;0;1
42122;2010;1;6.67;25.52;2;35;4;4;3;0;0;1
42055;2010;1;0.00;0.00;1;35;0;1;5;0;0;1
42043;2010;1;0.00;0.00;1;35;0;1;5;0;0;1
42041;2010;1;0.00;29.60;1;35;0;1;5;0;0;1
42039;2010;1;0.00;0.00;1;35;0;1;5;0;0;1
42045;2010;1;1.33;15.23;1;35;1;5;3;0;2;1
42051;2010;1;0.00;0.00;1;35;0;1;5;0;0;1
42067;2010;1;2.70;14.77;1;35;1;5;4;0;0;1
42061;2010;1;81.01;78.85;1;36;12;1;0;0;0;0
42923;2010;1;79.01;70.13;7;36;35;4;0;1;0;0
42182;2010;1;2.70;12.06;1;35;1;5;6;0;0;1
42065;2010;1;0.00;0.00;1;35;0;0;0;0;0;1
42070;2010;1;56.00;64.92;3;35;24;3;2;0;0;1
42082;2010;1;0.00;0.00;1;35;0;1;5;0;0;1
42102;2010;1;0.00;0.00;1;35;0;1;5;0;0;1
42049;2010;1;93.75;57.71;7;35;31;5;4;0;1;0
42044;2010;1;100.00;56.00;6;35;12;6;1;0;0;0
42052;2010;1;4.31;77.90;2;35;5;1;0;0;0;1
42036;2010;1;24.00;36.86;3;35;9;4;8;0;0;1
42050;2010;1;29.73;81.60;3;35;11;1;0;5;0;1
42054;2010;1;32.00;55.75;3;35;15;4;0;3;1;1
42037;2010;1;0.00;0.00;1;35;0;1;5;0;0;1
42038;2010;1;0.00;18.70;1;35;0;1;5;0;0;1
41992;2010;1;3.45;49.10;2;35;4;2;0;0;0;1
43589;2010;2;86.67;82.34;7;37;35;0;1;0;2;0
45398;2010;2;85.33;91.15;6;36;34;0;0;0;0;0
43590;2010;2;30.67;49.31;2;36;14;2;7;0;0;1
43598;2010;2;12.00;35.94;2;35;4;5;1;0;0;1
43599;2010;2;33.33;52.67;4;36;14;3;6;0;0;1
43600;2010;2;21.33;53.68;3;35;10;3;2;0;1;1
43601;2010;2;100.00;70.76;7;38;35;4;0;0;0;0
45389;2010;2;13.33;43.65;2;35;7;4;1;0;1;1
42040;2010;2;9.33;50.19;2;35;4;4;1;0;0;1
43602;2010;2;46.88;33.94;4;37;18;6;9;0;3;1
42057;2010;2;0.00;14.10;1;35;0;2;4;0;0;1
42064;2010;2;10.67;35.96;1;36;6;7;2;0;3;1
42032;2010;2;0.00;0.00;1;35;0;1;5;0;0;1
43603;2010;2;0.00;0.00;1;35;0;1;5;0;0;1
43606;2010;2;26.67;53.85;3;35;12;2;6;0;0;1
43604;2010;2;0.00;0.00;1;35;0;1;5;0;0;1
43605;2010;2;0.00;15.50;1;35;0;3;3;0;0;1
43607;2010;2;0.00;15.20;1;35;0;1;5;0;0;1
43609;2010;2;0.00;14.60;1;35;0;2;4;0;0;1
43610;2010;2;0.00;0.00;1;35;0;1;5;0;0;1
45391;2010;2;26.32;45.13;3;40;14;6;5;0;6;1
43611;2010;2;2.63;18.50;1;39;2;8;5;0;1;1
43612;2010;2;0.00;18.60;1;35;0;3;3;0;0;1
43613;2010;2;0.00;0.00;1;35;0;1;5;0;0;1
43614;2010;2;0.00;0.00;1;35;0;1;5;0;0;1
43615;2010;2;0.00;8.40;1;35;0;1;5;0;0;1
43616;2010;2;5.33;7.37;2;35;3;10;17;0;0;1
43617;2010;2;11.84;42.62;1;40;7;3;3;0;2;1
43618;2010;2;6.58;15.97;1;39;2;4;13;0;0;1
43619;2010;2;0.00;0.00;1;35;0;0;0;6;0;1
45508;2010;2;22.67;34.37;2;39;6;6;3;0;6;1
43620;2010;2;28.00;40.83;2;36;14;10;2;0;1;1
43621;2010;2;26.67;47.28;3;36;13;5;5;0;3;1
43622;2010;2;24.00;39.68;2;35;12;5;6;0;3;1
43623;2010;2;85.33;88.23;7;36;34;0;0;0;1;0
43624;2010;2;0.00;0.00;1;35;0;1;5;0;0;1
43625;2010;2;0.00;0.00;1;35;0;1;5;0;0;1
42069;2010;2;33.33;67.24;3;36;15;1;1;1;2;1
43626;2010;2;20.00;30.74;2;35;9;7;9;0;2;1
43627;2010;2;10.67;42.53;2;35;5;3;2;0;0;1
43628;2010;2;0.00;0.00;1;35;0;1;5;0;0;1
43629;2010;2;17.33;41.52;3;35;8;2;4;0;1;1
43630;2010;2;100.00;51.43;7;36;35;5;5;0;2;0
43631;2010;2;18.67;38.58;1;36;11;6;3;0;2;1
43632;2010;2;4.00;28.44;1;35;3;3;4;2;0;1
45388;2010;2;0.00;0.00;1;35;0;0;0;0;6;1
43633;2010;2;82.67;78.33;7;36;34;3;2;0;0;0
42060;2010;2;13.33;43.32;1;35;7;1;3;0;0;1
43634;2010;2;0.00;0.00;1;35;0;1;5;0;0;1
43635;2010;2;0.00;1.20;1;35;0;1;5;0;0;1
43636;2010;2;0.00;12.00;1;35;0;2;4;0;0;1
43637;2010;2;0.00;0.00;1;35;0;1;5;0;0;1
43588;2010;2;28.00;54.37;2;36;12;3;2;0;2;1
50381;2011;1;0.00;0.00;1;35;0;0;6;0;0;1
50386;2011;1;0.00;0.00;1;38;0;0;0;0;0;1
50390;2011;1;13.33;77.80;2;40;6;0;0;0;7;1
50382;2011;1;0.00;0.00;1;40;0;0;5;0;0;1
50383;2011;1;6.58;21.70;1;40;5;5;5;0;1;1
50384;2011;1;0.00;0.00;1;35;0;0;6;0;0;1
50821;2011;1;85.33;69.31;7;35;11;2;0;0;0;0
50387;2011;1;0.00;4.25;1;35;0;1;9;0;0;1
50385;2011;1;0.00;9.30;1;35;0;1;5;0;0;1
50388;2011;1;0.00;0.00;1;35;0;0;6;0;0;1
50389;2011;1;1.32;3.10;1;38;1;6;16;0;0;1
50401;2011;1;10.53;38.81;2;40;5;3;2;0;2;1
50402;2011;1;0.00;0.00;1;35;0;0;6;0;0;1
50403;2011;1;21.05;38.60;2;40;10;7;5;3;0;1
50404;2011;1;96.72;54.76;6;40;37;10;2;0;1;0
50405;2011;1;0.00;0.00;1;35;0;1;5;0;0;1
50406;2011;1;0.00;0.00;1;35;0;0;0;6;0;1
50407;2011;1;9.21;27.26;1;39;6;9;4;0;0;1
50408;2011;1;25.33;6.00;2;38;1;6;12;0;0;0
50409;2011;1;2.63;12.50;1;40;2;2;6;0;2;1
50410;2011;1;6.58;25.95;1;40;4;1;9;0;0;1
50421;2011;1;4.00;41.80;1;40;3;1;2;0;2;1
50422;2011;1;5.26;21.65;1;39;3;2;5;0;0;1
50423;2011;1;2.63;4.96;1;38;0;2;13;0;0;1
50424;2011;1;32.89;58.19;5;40;14;2;5;2;1;1
50425;2011;1;0.00;0.00;1;35;0;0;0;6;0;1
50426;2011;1;0.00;0.00;1;35;0;0;0;0;6;1
50441;2011;1;28.00;49.58;2;40;15;12;1;0;0;1
50442;2011;1;19.74;53.77;2;41;9;2;4;0;0;1
50443;2011;1;0.00;0.00;1;35;0;0;6;0;0;1
50444;2011;1;3.95;14.72;1;38;3;2;11;0;1;1
50445;2011;1;14.47;52.63;2;40;7;4;1;0;1;1
50446;2011;1;100.00;82.56;6;40;37;0;0;0;0;0
50447;2011;1;0.00;0.00;1;35;0;0;6;0;0;1
50823;2011;1;16.00;47.71;2;40;8;4;3;0;0;0
50448;2011;1;0.00;0.00;1;35;0;0;6;0;0;1
50449;2011;1;5.26;36.44;1;40;4;2;4;0;0;1
50450;2011;1;6.58;16.25;1;41;5;1;9;0;0;1
50451;2011;1;10.53;43.18;2;38;4;0;3;0;6;1
50452;2011;1;2.67;30.10;1;38;1;2;3;0;0;0
50453;2011;1;13.33;70.60;2;40;6;0;0;0;7;1
53062;2011;2;40.98;51.34;3;38;16;8;3;0;4;0
53063;2011;2;12.00;21.41;2;38;6;4;13;0;0;0
57856;2011;2;0.00;0.00;1;38;0;0;0;6;0;1
53065;2011;2;9.21;23.79;2;38;5;6;6;0;0;1
53066;2011;2;0.00;0.00;1;38;0;0;6;0;0;1
53067;2011;2;0.00;0.00;1;38;0;0;6;0;0;1
53068;2011;2;0.00;0.00;1;38;0;0;6;0;0;1
53069;2011;2;3.95;55.40;1;38;3;0;1;0;6;1
53805;2011;2;11.84;14.73;2;38;2;4;4;0;5;1
53070;2011;2;0.00;0.00;1;38;0;0;6;0;0;1
53071;2011;2;0.00;0.00;1;38;0;0;6;0;0;1
53082;2011;2;0.00;0.00;1;38;0;0;6;0;0;1
53083;2011;2;10.53;36.64;2;38;6;4;2;0;4;1
53132;2011;2;6.58;40.70;4;38;4;1;1;2;0;1
57932;2011;2;0.00;1.65;1;38;0;1;11;0;0;1
53133;2011;2;0.00;5.00;1;38;0;0;6;0;0;1
57854;2011;2;0.00;0.00;1;38;0;0;0;3;3;1
57933;2011;2;0.00;0.00;1;38;0;0;6;0;0;1
53134;2011;2;0.00;0.00;1;38;0;0;6;0;0;1
53135;2011;2;15.79;22.03;2;38;5;4;11;0;0;1
53136;2011;2;100.00;76.19;6;38;38;3;0;0;1;0
53137;2011;2;6.58;30.38;1;38;4;2;3;0;0;1
53138;2011;2;1.32;24.38;1;38;0;1;3;0;0;1
53139;2011;2;1.32;8.70;1;38;1;1;4;0;5;1
53140;2011;2;0.00;0.00;1;38;0;0;6;0;0;1
57855;2011;2;3.95;3.88;1;38;0;1;10;0;0;1
53141;2011;2;13.11;25.57;2;38;6;7;3;0;6;0
53142;2011;2;90.16;63.15;7;38;33;6;3;0;3;0
53145;2011;2;12.00;51.13;2;38;5;2;1;0;5;0
53144;2011;2;52.63;50.56;3;38;3;1;2;0;0;0
53143;2011;2;0.00;0.00;1;35;0;0;0;0;0;1
53146;2011;2;3.95;27.13;1;38;2;2;1;0;3;1
57857;2011;2;0.00;0.00;1;38;0;0;0;6;0;1
53152;2011;2;0.00;0.00;1;38;0;0;6;0;0;1
53153;2011;2;6.56;0.00;1;38;0;3;6;0;0;0
53154;2011;2;13.16;62.92;2;38;6;0;1;4;1;1
53155;2011;2;100.00;72.04;7;38;38;2;0;0;0;0
53156;2011;2;3.95;26.00;1;38;3;2;1;0;7;1
53157;2011;2;100.00;75.03;6;38;36;3;0;0;1;0
53158;2011;2;0.00;0.00;1;38;0;0;0;6;0;1
53163;2011;2;0.00;0.00;1;38;0;0;6;0;0;1
53164;2011;2;0.00;0.00;1;38;0;0;6;0;0;1
53165;2011;2;6.58;21.81;1;38;3;2;4;0;0;1
57934;2011;2;13.16;46.20;1;38;6;2;1;0;6;1
53172;2011;2;0.00;0.00;1;38;0;0;6;0;0;1
53159;2011;2;14.47;28.38;2;38;6;6;4;0;2;1
53160;2011;2;0.00;0.00;1;38;0;0;6;0;0;1
53161;2011;2;36.00;54.23;4;38;16;3;5;0;4;0
64414;2012;1;0.00;0.00;1;38;0;0;0;6;0;1
65946;2012;1;0.00;15.90;1;38;0;1;5;0;0;1
64415;2012;1;0.00;0.00;1;38;0;1;5;0;0;1
64416;2012;1;0.00;13.90;1;38;0;1;5;0;0;1
64454;2012;1;0.00;1.35;1;38;0;3;9;0;0;1
64455;2012;1;31.58;61.67;3;38;16;2;0;0;0;1
64456;2012;1;32.26;26.11;3;38;13;16;11;0;0;0
64457;2012;1;3.95;11.46;1;38;3;7;6;0;0;1
64458;2012;1;7.89;11.92;1;38;2;4;6;0;0;1
64459;2012;1;0.00;0.00;1;38;0;0;0;0;0;1
64460;2012;1;100.00;80.68;6;38;38;1;0;1;0;0
64461;2012;1;0.00;0.00;1;38;0;1;5;0;0;1
64463;2012;1;0.00;0.00;1;38;0;1;5;0;0;1
64504;2012;1;0.00;0.00;1;38;0;0;0;6;0;1
64505;2012;1;0.00;0.00;1;38;0;1;5;0;0;1
64634;2012;1;100.00;78.53;6;38;38;0;0;0;1;0
65949;2012;1;5.26;14.20;1;38;4;8;8;0;0;0
64635;2012;1;1.32;8.18;1;38;1;7;8;0;0;0
64636;2012;1;0.00;4.20;1;38;0;1;5;0;0;1
64637;2012;1;7.89;19.10;1;38;5;6;6;0;6;1
64638;2012;1;0.00;0.00;1;38;0;0;0;0;0;1
64639;2012;1;0.00;0.00;1;38;0;1;5;0;0;1
64640;2012;1;35.53;47.26;4;38;16;4;4;0;0;0
64641;2012;1;0.00;0.00;1;38;0;1;5;0;0;1
65948;2012;1;100.00;66.60;6;38;38;3;2;0;1;0
64642;2012;1;0.00;7.10;1;38;0;1;5;0;0;1
64643;2012;1;0.00;0.20;1;38;0;1;5;0;0;1
64654;2012;1;22.37;50.36;3;38;11;4;3;0;0;1
64655;2012;1;9.21;22.93;2;38;5;8;6;0;0;1
64656;2012;1;0.00;0.00;1;38;0;1;5;0;0;1
64657;2012;1;0.00;9.20;1;38;0;1;5;0;0;1
64658;2012;1;0.00;0.00;1;38;0;0;0;0;0;1
64659;2012;1;9.68;23.72;2;38;4;8;6;0;1;0
66630;2012;1;1.32;10.88;1;38;0;4;1;0;0;1
65945;2012;1;13.16;68.44;2;38;5;0;0;0;7;1
64674;2012;1;0.00;0.00;1;38;0;0;0;0;0;1
64660;2012;1;0.00;2.20;1;38;0;1;5;0;0;1
64675;2012;1;10.53;30.04;2;38;6;6;3;0;1;0
64676;2012;1;2.63;41.33;1;38;2;2;1;0;0;1
64677;2012;1;5.26;11.07;1;38;4;5;7;0;1;1
64678;2012;1;0.00;0.00;1;38;0;0;0;0;0;1
64679;2012;1;0.00;0.00;1;38;0;1;5;0;0;1
64696;2012;1;50.00;40.36;3;38;19;9;10;0;0;0
64680;2012;1;0.00;3.60;1;38;0;1;5;0;0;1
64695;2012;1;15.79;3.92;2;38;0;6;12;0;0;1
64694;2012;1;0.00;0.00;1;38;0;0;0;6;0;1
64697;2012;1;0.00;0.00;1;38;0;1;5;0;0;1
64698;2012;1;0.00;0.00;1;38;0;0;0;0;0;1
65947;2012;1;32.89;44.16;3;38;16;5;6;0;0;0
71523;2012;2;0.00;0.90;1;38;0;2;4;0;0;1
71524;2012;2;18.30;30.69;2;38;9;7;4;0;0;0
71525;2012;2;0.00;3.50;1;38;0;2;4;0;0;1
71526;2012;2;0.00;4.40;1;38;0;2;4;0;0;1
74453;2012;2;0.00;0.00;1;38;0;4;2;0;0;0
73067;2012;2;3.95;30.40;1;38;3;1;2;0;4;1
71527;2012;2;95.01;69.80;6;38;36;3;1;0;1;0
71563;2012;2;0.00;0.00;1;38;0;1;1;0;5;1
71543;2012;2;31.03;46.81;4;38;14;9;3;0;0;0
71544;2012;2;9.44;24.38;2;38;6;6;5;0;0;0
71545;2012;2;12.14;44.05;3;38;7;4;0;4;0;1
71546;2012;2;38.25;48.05;3;38;15;8;1;0;1;0
71553;2012;2;4.05;15.53;1;38;3;1;5;0;2;1
71554;2012;2;0.00;0.00;1;38;0;2;4;0;0;1
71555;2012;2;2.63;4.80;1;38;0;1;1;0;2;1
71556;2012;2;0.00;10.60;1;38;0;2;4;0;0;1
71557;2012;2;0.00;0.00;1;38;0;2;4;0;0;1
71583;2012;2;5.40;18.25;1;38;4;2;6;0;0;0
71573;2012;2;3.95;0.00;1;38;0;1;4;0;0;1
71574;2012;2;58.21;50.45;3;38;22;11;2;0;1;1
73068;2012;2;19.74;0.00;3;38;0;0;5;0;0;1
71584;2012;2;100.00;74.34;7;38;38;3;1;0;0;0
71575;2012;2;0.00;0.00;1;38;0;2;4;0;0;1
71576;2012;2;0.00;0.00;1;38;0;2;4;0;0;1
71585;2012;2;0.00;3.00;2;38;0;2;4;0;0;1
71586;2012;2;44.52;51.93;4;38;21;5;2;0;0;1
71587;2012;2;24.95;41.13;6;38;10;5;4;0;0;0
73069;2012;2;31.58;0.00;2;38;0;2;2;0;0;1
71588;2012;2;43.24;41.80;5;38;16;13;4;0;0;0
71589;2012;2;0.00;0.00;1;38;0;2;4;0;0;1
71590;2012;2;13.49;44.76;1;38;8;5;0;0;2;0
71591;2012;2;0.00;0.00;1;38;0;2;4;0;0;1
71592;2012;2;14.84;30.58;2;38;5;5;5;0;1;0
71603;2012;2;59.88;53.40;4;38;22;12;7;0;0;0
71604;2012;2;0.00;0.00;1;38;0;2;4;0;0;1
71605;2012;2;0.00;0.00;1;38;0;0;0;0;6;1
71606;2012;2;31.03;59.34;3;38;15;3;0;3;0;1
71613;2012;2;6.75;29.47;1;38;4;3;4;0;0;1
73070;2012;2;0.00;0.00;1;38;0;2;4;0;0;1
71614;2012;2;11.64;26.42;2;38;6;3;5;0;1;0
71615;2012;2;6.75;23.94;1;38;5;2;3;0;3;0
71616;2012;2;39.92;44.34;4;38;15;8;2;0;0;0
71617;2012;2;100.00;75.54;7;38;38;4;0;0;1;0
71618;2012;2;48.23;55.00;4;38;18;7;0;0;1;0
71619;2012;2;0.00;0.00;1;38;0;2;4;0;0;1
71620;2012;2;0.00;0.00;1;38;0;2;4;0;0;1
71623;2012;2;0.00;0.00;1;38;0;2;4;0;0;1
73071;2012;2;2.70;16.25;1;38;2;5;3;0;0;0
71624;2012;2;0.00;7.30;1;38;0;2;4;0;0;1
71625;2012;2;0.00;0.00;1;38;0;2;4;0;0;1
78178;2013;1;35.48;49.73;5;38;14;8;5;0;0;0
81578;2013;1;3.23;8.75;1;37;1;5;4;0;1;0
78988;2013;1;41.94;42.25;3;38;17;5;10;0;6;0
78179;2013;1;6.58;16.91;2;38;2;6;4;0;0;0
78180;2013;1;0.00;0.00;1;38;0;2;4;0;0;1
78181;2013;1;7.89;85.00;2;38;1;0;0;0;2;0
78989;2013;1;20.97;41.37;2;38;9;6;3;0;1;0
78182;2013;1;62.90;65.83;5;38;25;4;1;0;0;0
78183;2013;1;25.00;60.86;4;38;9;2;1;0;6;1
78184;2013;1;0.00;0.00;1;38;0;0;0;6;0;1
78448;2013;1;9.21;24.90;2;38;5;5;2;0;1;0
78449;2013;1;41.94;36.37;4;38;16;12;6;0;0;0
78450;2013;1;53.23;61.65;5;38;13;2;1;0;3;0
78451;2013;1;17.11;48.93;2;38;4;3;2;0;0;0
78508;2013;1;19.35;24.00;2;38;5;9;6;0;0;1
78538;2013;1;0.00;0.00;1;38;0;2;4;0;0;1
81528;2013;1;0.00;8.70;1;38;0;2;4;0;0;1
78658;2013;1;79.03;72.33;4;38;30;3;0;0;2;0
78659;2013;1;50.00;52.85;4;38;12;6;4;0;4;0
78660;2013;1;2.63;23.83;1;38;2;2;10;0;2;0
78661;2013;1;0.00;0.00;1;38;0;0;0;6;0;1
81538;2013;1;41.94;44.30;3;38;16;6;4;0;2;0
78678;2013;1;14.47;0.86;2;38;0;8;8;0;0;0
78679;2013;1;51.32;59.60;5;38;24;5;0;0;0;1
78680;2013;1;12.90;5.57;2;38;2;11;13;0;0;0
78681;2013;1;0.00;0.00;1;38;0;0;0;6;0;1
78698;2013;1;17.74;34.72;2;38;8;8;3;0;0;0
81548;2013;1;3.95;17.86;1;38;3;2;4;0;3;0
78708;2013;1;43.55;54.39;4;38;17;5;3;0;7;0
78718;2013;1;0.00;0.00;1;38;0;2;4;0;0;1
78719;2013;1;1.35;0.00;1;38;0;1;5;0;4;0
78728;2013;1;96.77;67.56;7;38;37;4;0;0;1;0
78738;2013;1;26.32;72.80;3;38;13;0;0;5;0;1
78739;2013;1;62.90;61.12;4;38;24;6;2;0;0;0
81588;2013;1;16.13;35.76;2;38;6;6;7;0;4;0
81608;2013;1;1.32;2.95;1;38;0;5;5;0;3;0
78740;2013;1;0.00;0.00;1;38;0;2;4;0;0;1
78818;2013;1;0.00;0.00;1;38;0;0;0;6;0;1
78819;2013;1;0.00;0.00;1;38;0;2;4;0;0;1
81558;2013;1;0.00;0.00;1;38;0;2;4;0;0;1
78820;2013;1;61.29;57.94;5;38;25;9;0;0;0;0
78821;2013;1;0.00;5.00;1;38;0;2;4;0;0;1
78822;2013;1;0.00;0.00;1;38;0;0;0;6;0;1
78848;2013;1;0.00;0.00;1;38;0;2;4;0;0;1
78849;2013;1;9.21;68.70;2;38;5;1;0;0;0;1
78850;2013;1;0.00;0.00;1;38;0;2;4;0;0;1
78851;2013;1;0.00;0.00;1;38;0;3;5;0;0;1
81568;2013;1;0.00;10.11;1;38;0;0;5;0;6;0
89193;2013;2;35.48;57.12;2;38;14;5;2;0;1;0
89213;2013;2;0.00;0.00;1;38;0;0;5;0;0;1
89223;2013;2;0.00;0.00;1;38;0;0;0;6;0;1
89233;2013;2;0.00;0.00;1;38;0;0;5;0;0;0
89283;2013;2;5.26;44.33;1;38;3;1;1;0;3;0
89284;2013;2;0.00;0.00;1;38;0;0;5;0;0;0
89293;2013;2;0.00;0.00;1;38;0;0;5;0;0;0
89294;2013;2;27.42;27.00;2;37;4;3;5;0;4;0
89303;2013;2;3.23;7.55;1;38;2;6;9;0;0;0
89304;2013;2;0.00;16.11;1;38;0;0;5;0;0;0
89305;2013;2;0.00;0.00;1;38;0;0;5;0;0;0
89306;2013;2;11.29;19.32;1;38;6;8;5;0;0;1
89307;2013;2;5.26;26.69;2;38;3;4;3;0;0;1
89308;2013;2;0.00;0.00;1;38;0;0;5;0;0;0
89309;2013;2;67.74;65.40;5;38;27;2;4;0;0;0
89310;2013;2;1.32;2.96;1;38;1;2;11;0;0;0
89311;2013;2;0.00;0.00;1;38;0;0;5;0;0;0
89312;2013;2;1.32;12.83;1;38;1;4;3;0;0;0
89323;2013;2;0.00;3.78;1;38;0;0;5;0;4;0
89324;2013;2;1.32;9.71;1;38;0;1;8;0;0;0
89333;2013;2;45.16;56.13;3;38;18;4;3;0;2;0
89343;2013;2;10.53;70.40;2;38;5;1;0;0;6;1
89353;2013;2;34.21;6.08;2;37;1;3;5;0;0;0
89363;2013;2;0.00;0.00;1;38;0;0;5;0;0;0
89373;2013;2;1.32;6.50;1;38;1;1;5;0;3;0
89383;2013;2;0.00;0.00;1;38;0;0;5;0;0;0
89384;2013;2;43.55;34.96;2;38;5;8;3;0;6;0
89385;2013;2;59.68;55.18;5;38;23;7;5;0;0;0
89393;2013;2;23.68;51.64;3;38;10;3;3;0;1;0
89394;2013;2;33.87;52.08;3;38;14;6;2;0;2;0
89403;2013;2;13.16;39.41;2;38;6;4;4;0;0;1
89413;2013;2;27.42;56.15;5;38;12;4;1;0;4;0
89423;2013;2;14.47;8.09;2;38;0;1;4;1;0;1
89433;2013;2;0.00;10.44;1;38;0;0;5;0;0;0
89434;2013;2;5.26;0.00;1;38;0;0;3;0;0;0
89435;2013;2;0.00;0.00;1;38;0;1;5;0;0;0
89436;2013;2;0.00;0.00;1;38;0;0;0;6;0;1
89503;2013;2;0.00;0.00;1;38;0;0;5;0;0;0
89504;2013;2;0.00;0.00;1;38;0;0;5;0;0;0
89505;2013;2;0.00;0.00;1;38;0;0;5;0;0;0
89513;2013;2;0.00;0.00;1;38;0;0;5;0;0;0
89514;2013;2;72.58;69.25;4;38;29;4;0;0;0;0
89515;2013;2;0.00;0.00;1;38;0;0;5;0;0;0
89516;2013;2;13.16;25.93;2;38;6;4;7;0;2;1
103060;2014;1;12.90;30.48;2;38;5;3;5;0;6;0
104842;2014;1;0.00;0.00;1;38;0;0;0;0;0;0
103090;2014;1;0.00;0.00;1;38;0;0;0;5;0;1
103091;2014;1;17.11;0.00;2;38;0;0;0;0;0;0
103092;2014;1;0.00;12.70;1;38;0;1;5;0;0;0
103093;2014;1;2.63;0.00;1;38;0;1;6;0;0;0
103094;2014;1;0.00;3.40;1;38;0;1;5;0;0;0
103095;2014;1;10.53;61.40;2;38;5;0;1;0;0;1
103096;2014;1;0.00;0.00;1;38;0;1;5;0;0;0
103097;2014;1;0.00;0.00;1;38;0;0;0;6;0;1
103098;2014;1;0.00;0.00;1;38;0;1;5;0;0;0
103110;2014;1;43.55;37.06;4;38;14;11;9;0;0;0
103111;2014;1;42.11;0.00;4;38;0;2;2;0;0;0
103112;2014;1;8.06;10.91;2;38;1;1;6;0;0;0
103160;2014;1;45.16;8.90;4;38;1;5;9;0;2;0
103180;2014;1;70.97;59.88;6;38;9;3;2;0;2;0
103250;2014;1;0.00;0.00;1;38;0;0;0;6;0;1
103260;2014;1;75.81;73.33;5;38;29;2;0;0;0;0
103261;2014;1;0.00;0.00;1;38;0;0;0;6;0;1
103280;2014;1;30.65;56.67;3;38;12;3;4;0;2;1
103281;2014;1;0.00;0.00;1;38;0;0;0;0;6;1
103300;2014;1;0.00;6.17;1;38;0;2;6;0;0;0
103301;2014;1;0.00;0.00;1;38;0;1;5;0;0;0
103302;2014;1;0.00;0.00;1;38;0;0;0;6;0;1
103303;2014;1;12.90;31.93;2;38;5;5;8;0;0;0
103304;2014;1;16.13;33.63;2;38;6;6;5;0;0;0
103305;2014;1;0.00;0.00;1;38;0;1;5;0;0;1
103306;2014;1;0.00;3.10;1;38;0;1;5;0;0;0
103307;2014;1;74.19;91.26;5;38;29;0;0;0;0;0
103308;2014;1;2.63;13.85;2;38;2;0;7;0;14;1
103309;2014;1;50.00;68.81;5;38;19;3;2;0;0;0
103320;2014;1;12.90;16.92;2;38;2;2;13;0;0;0
103321;2014;1;0.00;0.00;1;38;0;1;5;0;0;0
103420;2014;1;0.00;0.00;1;38;0;1;5;0;0;0
104861;2014;1;45.16;37.96;2;38;8;4;4;0;1;0
103421;2014;1;50.00;77.03;4;38;19;2;2;0;1;0
103422;2014;1;0.00;0.00;1;38;0;1;5;0;0;0
103423;2014;1;6.45;1.27;2;38;0;12;9;0;0;1
103424;2014;1;0.00;0.00;1;38;0;2;4;0;0;0
103440;2014;1;17.74;25.97;2;38;7;8;8;0;0;0
103441;2014;1;7.89;23.67;2;38;2;2;8;0;0;0
103442;2014;1;13.16;50.60;2;38;6;4;3;0;0;0
103480;2014;1;74.19;78.91;5;38;29;0;0;0;0;0
103481;2014;1;74.19;84.50;5;38;29;0;0;0;0;0
108507;2014;2;0.00;4.00;1;38;0;0;6;0;0;1
108848;2014;2;0.00;4.15;1;38;0;4;8;0;0;0
109146;2014;2;1.61;4.26;1;38;1;4;9;0;0;0
110006;2014;2;9.21;7.20;2;38;0;2;0;0;0;0
109267;2014;2;19.35;42.58;4;38;6;6;5;0;0;0
109268;2014;2;30.65;60.30;2;38;12;4;1;0;0;0
110017;2014;2;4.84;18.47;1;38;2;7;2;0;0;0
108639;2014;2;40.32;67.21;3;38;15;2;1;0;0;0
109269;2014;2;0.00;0.43;1;38;0;2;7;0;0;0
109136;2014;2;8.06;35.79;2;38;3;4;4;0;0;0
108508;2014;2;0.00;0.00;1;38;0;2;7;0;0;0
109176;2014;2;58.06;72.63;4;38;22;1;1;0;0;0
109196;2014;2;35.48;61.21;2;38;14;4;1;0;2;0
109238;2014;2;0.00;0.00;1;38;0;0;6;0;0;0
108847;2014;2;0.00;0.00;1;38;0;1;7;0;0;0
108506;2014;2;35.48;52.52;2;38;13;6;2;0;1;0
108626;2014;2;0.00;26.90;1;38;0;4;2;0;0;0
109137;2014;2;0.00;0.00;1;38;0;0;6;0;0;0
110008;2014;2;0.00;0.00;1;38;0;0;6;0;0;0
108630;2014;2;0.00;0.00;1;38;0;0;6;0;0;0
109236;2014;2;16.13;54.50;3;38;8;2;1;0;3;1
109166;2014;2;12.90;40.16;2;38;5;3;3;0;0;0
110007;2014;2;0.00;12.80;1;38;0;1;5;0;0;0
108851;2014;2;19.35;51.85;2;38;7;3;2;0;5;0
108631;2014;2;27.42;53.59;2;38;8;3;4;0;1;0
111866;2014;2;75.81;68.68;5;38;16;1;1;0;0;0
108627;2014;2;0.00;0.00;1;38;0;0;6;0;0;0
110009;2014;2;14.52;31.19;2;38;4;3;6;0;8;0
109186;2014;2;0.00;0.00;1;38;0;0;6;0;0;0
110016;2014;2;46.77;73.12;4;38;19;3;0;0;1;0
110018;2014;2;16.13;39.38;2;38;6;6;2;0;4;0
108638;2014;2;16.13;64.85;2;38;6;1;1;0;7;0
108846;2014;2;66.13;64.20;4;38;11;0;1;0;1;0
109138;2014;2;58.06;76.92;4;38;23;1;1;0;0;0
108637;2014;2;0.00;0.00;1;38;0;0;6;0;0;0
109266;2014;2;0.00;0.00;1;38;0;0;0;6;0;1
108616;2014;2;0.00;0.00;1;38;0;0;0;6;0;1
108850;2014;2;0.00;0.00;1;38;0;0;6;0;0;0
108509;2014;2;0.00;0.00;1;38;0;0;0;0;6;0
108628;2014;2;4.84;29.00;2;38;3;0;4;0;6;0
109237;2014;2;0.00;0.00;1;38;0;0;5;1;0;1
110000;2014;2;0.00;0.00;1;38;0;0;6;0;0;0
108906;2014;2;38.71;56.00;4;38;9;1;5;0;4;0
109187;2014;2;13.16;0.00;2;38;0;0;3;0;0;0
108636;2014;2;0.00;0.00;1;38;0;0;6;0;0;0
108629;2014;2;0.00;30.40;1;38;0;2;4;0;0;0
111878;2014;2;22.58;44.04;2;38;8;6;3;0;0;0
118317;2015;1;25.81;54.67;2;38;9;4;2;0;0;0
118510;2015;1;22.58;50.83;2;38;10;3;2;0;0;0
119600;2015;1;32.26;57.15;2;38;13;1;1;0;1;0
117831;2015;1;32.26;69.27;2;38;13;1;0;0;0;0
117830;2015;1;4.84;15.45;1;38;1;7;6;0;0;0
117930;2015;1;16.13;25.24;2;38;6;7;9;0;0;1
117931;2015;1;0.00;0.00;1;38;0;4;2;0;0;0
117932;2015;1;33.87;67.24;2;38;12;2;2;0;0;0
118511;2015;1;19.35;43.96;2;38;7;7;1;0;1;0
118000;2015;1;45.16;73.61;2;38;13;1;0;0;0;0
118001;2015;1;0.00;17.50;1;38;0;5;1;0;0;0
118002;2015;1;16.13;11.00;2;38;0;2;2;0;0;0
118150;2015;1;4.84;15.63;1;38;3;6;3;0;4;0
118151;2015;1;90.32;75.38;6;38;9;1;0;0;0;0
118512;2015;1;0.00;0.00;1;38;0;4;2;0;0;0
122140;2015;1;29.03;16.13;2;38;2;3;4;0;1;0
118152;2015;1;20.97;37.17;2;38;10;7;2;0;0;0
118190;2015;1;45.16;47.80;3;38;6;1;2;0;0;0
118191;2015;1;43.75;49.20;3;39;3;3;0;0;1;0
118513;2015;1;0.00;0.00;1;38;0;0;0;0;6;1
118514;2015;1;46.88;62.36;4;39;6;3;0;0;0;0
118192;2015;1;0.00;0.00;1;38;0;4;2;0;0;0
118193;2015;1;0.00;0.00;1;38;0;0;0;6;0;1
118515;2015;1;8.06;30.43;2;38;4;0;5;0;6;0
118194;2015;1;64.52;80.18;4;38;14;0;0;0;0;0
118195;2015;1;0.00;0.00;1;38;0;4;2;0;0;0
118516;2015;1;22.58;59.00;2;38;9;3;0;0;6;0
118196;2015;1;38.71;74.76;3;38;15;1;0;0;0;0
118197;2015;1;0.00;0.00;1;38;0;4;2;0;0;0
118260;2015;1;48.39;85.90;3;38;18;0;0;0;0;0
118280;2015;1;0.00;0.00;1;38;0;0;0;6;0;1
118310;2015;1;33.87;68.65;3;38;13;3;0;0;0;0
122040;2015;1;27.42;50.41;2;38;7;2;1;0;0;0
118311;2015;1;20.97;33.81;2;38;8;5;9;0;1;0
118312;2015;1;40.32;81.28;3;38;15;0;0;0;0;0
118313;2015;1;29.03;0.00;2;38;0;2;2;0;1;0
118314;2015;1;38.71;58.44;3;38;11;3;1;0;0;0
118610;2015;1;0.00;12.00;1;38;0;4;2;0;0;0
118315;2015;1;0.00;0.00;1;38;0;0;0;0;6;0
122120;2015;1;35.48;58.90;3;38;14;2;2;0;0;0
119601;2015;1;16.13;44.65;2;38;6;3;4;0;0;0
118316;2015;1;38.71;77.65;3;38;15;1;0;0;0;0
122041;2015;1;0.00;1.60;1;38;0;4;2;0;0;0
